Country,GBARD_mEUR,Gov_balance_pct_GDP,RD_subsidy_large_profit
Austria,1998–2023,1998–2023,2000–2023 (2 gaps)
Belgium,1998–2023,1998–2023,2000–2023 (2 gaps)
Bulgaria,2000–2023 (2 gaps),1998–2023,2000–2023 (2 gaps)
Croatia,2008–2023 (10 gaps),1998–2023,2000–2023 (14 gaps)
Cyprus,2004–2023 (6 gaps),1998–2023,2000–2023 (2 gaps)
Czechia,2002–2023 (4 gaps),1998–2023,2000–2023 (2 gaps)
Denmark,1998–2023,1998–2023,2000–2023 (2 gaps)
Estonia,1999–2023 (1 gaps),1998–2023,2000–2023 (2 gaps)
Finland,1998–2023,1998–2023,2000–2023 (2 gaps)
France,1998–2023,1998–2023,2000–2023 (2 gaps)
Germany,1998–2023,1998–2023,2000–2023 (2 gaps)
Greece,1998–2023,1998–2023,2004–2023 (6 gaps)
Hungary,2005–2023 (7 gaps),1998–2023,2000–2023 (2 gaps)
Italy,1998–2023 (3 gaps),1998–2023,2000–2023 (2 gaps)
Latvia,1998–2023,1998–2023,2000–2023 (2 gaps)
Lithuania,1999–2023 (3 gaps),1998–2023,2000–2023 (2 gaps)
Luxembourg,2000–2023 (2 gaps),1998–2023,2000–2023 (2 gaps)
Malta,2004–2023 (6 gaps),1998–2023,2000–2023 (2 gaps)
Netherlands,1998–2023,1998–2023,2000–2023 (2 gaps)
Poland,1998–2023 (2 gaps),1998–2023,2000–2023 (2 gaps)
Portugal,1998–2023,1998–2023,2000–2023 (2 gaps)
Romania,1998–2023,1998–2023,2000–2023 (2 gaps)
Slovakia,1998–2023,1998–2023,2000–2023 (2 gaps)
Slovenia,1998–2023,1998–2023,2000–2023 (2 gaps)
Spain,1998–2023,1998–2023,2000–2023 (2 gaps)
Sweden,1998–2023 (1 gaps),1998–2023,2000–2023 (2 gaps)
